Feature,Importance
D1_ADX_14,0.08851842
D1_BB_Width_20,0.07440601
Return_Vol_20,0.05478336
ATR_Pct,0.05419699
MINUS_DI_14,0.049719535
EMA50_EMA200_Pct,0.049095515
MACD_Hist_Pct,0.04782428
In_Demand_Zone,0.04598636
H1_BB_Width_20,0.04522345
H1_RSI_14,0.044102367
D1_RSI_14,0.042737942
H1_ATR_Pct,0.038833227
ADX_14,0.037141245
H1_ADX_14,0.034901038
H1_MACD_Hist_Pct,0.0335419
EMA20_EMA50_Pct,0.03335909
Close_EMA20_Pct,0.032968447
BB_Width_20,0.029102864
D1_ATR_Pct,0.025827624
BB_PctB_20,0.02567796
PLUS_DI_14,0.024698261
In_Bullish_FVG,0.02330296
EMA20_Slope_Pct,0.022851383
Candle_Body_ATR,0.021667069
RSI_14,0.01953274
Direction,0.0
Equal_Highs_Liquidity,0.0
CHOCH_Bearish,0.0
CHOCH_Bullish,0.0
BOS_Bearish,0.0
BOS_Bullish,0.0
Premium_Discount_Code,0.0
Structure_Code,0.0
Sell_Side_Liquidity_Sweep,0.0
Buy_Side_Liquidity_Sweep,0.0
Equal_Lows_Liquidity,0.0
In_Bearish_FVG,0.0
In_Supply_Zone,0.0
H1_Structure_Code,0.0
Daily_Bias_Code,0.0
