Date,Direction,y_true,proba_win
2026-07-07 23:45:00,SELL SMC,0,0.27479279041290283
2026-07-08 01:30:00,SELL SMC,0,0.27479279041290283
2026-07-08 15:30:00,SELL SMC,0,0.27479279041290283
2026-07-10 09:30:00,SELL SMC,0,0.27479279041290283
2026-07-10 09:45:00,SELL SMC,0,0.27479279041290283
2026-07-10 13:00:00,SELL SMC,0,0.27479279041290283
2026-07-13 01:15:00,SELL SMC,0,0.27479279041290283
2026-07-13 03:00:00,SELL SMC,0,0.27479279041290283
2026-07-13 19:00:00,SELL SMC,0,0.27479279041290283
2026-07-13 20:00:00,SELL SMC,0,0.27479279041290283
2026-07-13 20:15:00,SELL SMC,0,0.27479279041290283
2026-07-13 21:00:00,SELL SMC,0,0.27479279041290283
2026-07-15 12:00:00,SELL SMC,0,0.27479279041290283
2026-07-15 14:15:00,SELL SMC,0,0.27479279041290283
2026-07-16 11:15:00,SELL SMC,0,0.27479279041290283
2026-07-16 12:00:00,SELL SMC,1,0.27479279041290283
2026-07-16 12:30:00,SELL SMC,1,0.27479279041290283
2026-07-16 12:45:00,SELL SMC,1,0.27479279041290283
2026-07-16 14:30:00,SELL SMC,1,0.27479279041290283
2026-07-16 14:45:00,SELL SMC,1,0.27479279041290283
2026-07-16 15:00:00,SELL SMC,1,0.27479279041290283
2026-07-16 16:15:00,SELL SMC,0,0.27479279041290283
2026-07-16 16:30:00,SELL SMC,1,0.27479279041290283
2026-07-17 05:30:00,BUY SMC,0,0.27479279041290283
2026-07-17 06:00:00,BUY SMC,0,0.27479279041290283
2026-07-17 06:15:00,BUY SMC,0,0.27479279041290283
2026-07-17 06:30:00,BUY SMC,0,0.27479279041290283
2026-07-17 06:45:00,BUY SMC,0,0.27479279041290283
2026-07-20 07:30:00,BUY SMC,0,0.27479279041290283
2026-07-21 08:30:00,BUY SMC,0,0.27479279041290283
2026-07-22 07:45:00,BUY SMC,0,0.27479279041290283
2026-07-23 02:30:00,BUY SMC,0,0.27479279041290283
2026-07-23 02:45:00,BUY SMC,0,0.27479279041290283
2026-07-23 03:15:00,BUY SMC,0,0.27479279041290283
2026-07-23 03:30:00,BUY SMC,0,0.27479279041290283
2026-07-23 04:00:00,BUY SMC,0,0.27479279041290283
2026-07-23 07:45:00,BUY SMC,0,0.27479279041290283
2026-07-24 06:15:00,BUY SMC,0,0.27479279041290283
2026-07-24 07:00:00,BUY SMC,0,0.27479279041290283
2026-07-24 07:15:00,BUY SMC,0,0.27479279041290283
2026-07-24 10:15:00,BUY SMC,0,0.27479279041290283
2026-07-27 00:00:00,BUY SMC,0,0.27479279041290283
2026-07-27 00:15:00,BUY SMC,0,0.07118183374404907
2026-07-27 01:45:00,BUY SMC,0,0.07118183374404907
2026-07-27 06:00:00,BUY SMC,0,0.049676258116960526
2026-07-28 15:00:00,BUY SMC,1,0.0676339790225029
2026-07-28 15:15:00,BUY SMC,1,0.0676339790225029
2026-07-28 15:30:00,BUY SMC,0,0.0676339790225029
2026-07-28 16:00:00,BUY SMC,0,0.04331369325518608
2026-07-28 16:15:00,BUY SMC,0,0.04331369325518608
2026-07-28 20:30:00,BUY SMC,0,0.04173817113041878
2026-07-29 01:15:00,BUY SMC,0,0.050656143575906754
2026-07-29 04:30:00,BUY SMC,0,0.05585135892033577
2026-07-29 20:45:00,BUY SMC,0,0.5052881240844727
2026-07-30 05:00:00,BUY SMC,0,0.4956139326095581
2026-07-30 10:30:00,BUY SMC,1,0.5052881240844727
2026-07-30 13:30:00,BUY SMC,1,0.5052881240844727
2026-07-30 13:45:00,BUY SMC,0,0.5052881240844727
2026-07-30 14:00:00,BUY SMC,0,0.5052881240844727
2026-07-30 18:00:00,BUY SMC,0,0.5052881240844727
2026-07-31 06:00:00,BUY SMC,0,0.5364612340927124
2026-07-31 06:15:00,BUY SMC,0,0.5364612340927124
2026-07-31 08:45:00,BUY SMC,0,0.5511621832847595
2026-07-31 10:00:00,BUY SMC,0,0.5511621832847595
2026-07-31 20:15:00,BUY SMC,0,0.5052881240844727
2026-07-31 20:30:00,BUY SMC,0,0.5052881240844727
2026-08-03 00:30:00,BUY SMC,0,0.5052881240844727
2026-08-03 02:15:00,BUY SMC,0,0.5052881240844727
2026-08-03 04:30:00,BUY SMC,0,0.5007551312446594
2026-08-03 05:45:00,BUY SMC,0,0.3720782995223999
2026-08-04 14:00:00,BUY SMC,1,0.12843622267246246
2026-08-04 18:45:00,BUY SMC,1,0.234039306640625
2026-08-05 02:30:00,BUY SMC,1,0.3720782995223999
2026-08-05 03:00:00,BUY SMC,1,0.3672863245010376
2026-08-05 06:30:00,BUY SMC,0,0.6164274215698242
2026-08-05 06:45:00,BUY SMC,0,0.6164274215698242
2026-08-05 08:45:00,BUY SMC,1,0.6255351305007935
2026-08-05 11:00:00,BUY SMC,1,0.6255351305007935
2026-08-05 11:15:00,BUY SMC,1,0.6255351305007935
2026-08-05 11:30:00,BUY SMC,1,0.6255351305007935
2026-08-05 15:30:00,BUY SMC,1,0.6255351305007935
2026-08-05 17:15:00,BUY SMC,1,0.6255351305007935
2026-08-05 17:30:00,BUY SMC,0,0.6255351305007935
2026-08-05 17:45:00,BUY SMC,0,0.6255351305007935
2026-08-06 07:45:00,BUY SMC,0,0.7004846930503845
2026-08-07 11:30:00,BUY SMC,1,0.0970078706741333
2026-08-07 11:45:00,BUY SMC,1,0.08601945638656616
2026-08-07 12:30:00,BUY SMC,0,0.7711624503135681
2026-08-07 16:00:00,BUY SMC,0,0.18194907903671265
2026-08-07 18:30:00,BUY SMC,0,0.23029237985610962
2026-08-07 19:15:00,BUY SMC,0,0.24096077680587769
2026-08-10 11:45:00,BUY SMC,0,0.47885003685951233
2026-08-12 15:45:00,BUY SMC,0,0.5942766070365906
2026-08-13 10:00:00,BUY SMC,0,0.10632487386465073
2026-08-13 10:15:00,BUY SMC,0,0.10632487386465073
2026-08-13 12:45:00,BUY SMC,0,0.08156546205282211
2026-08-13 21:00:00,BUY SMC,1,0.1531122922897339
2026-08-13 23:30:00,BUY SMC,1,0.12044725567102432
2026-08-14 00:00:00,BUY SMC,1,0.13841797411441803
2026-08-14 03:15:00,BUY SMC,1,0.11310242861509323
2026-08-14 04:00:00,BUY SMC,1,0.11437612771987915
2026-08-14 05:15:00,BUY SMC,1,0.13881728053092957
2026-08-14 05:30:00,BUY SMC,1,0.13881728053092957
2026-08-14 07:00:00,BUY SMC,1,0.19871245324611664
2026-08-14 07:15:00,BUY SMC,1,0.19292499125003815
2026-08-14 07:30:00,BUY SMC,1,0.19292499125003815
2026-08-14 07:45:00,BUY SMC,1,0.4454231560230255
2026-08-14 08:00:00,BUY SMC,1,0.4454231560230255
2026-08-14 08:30:00,BUY SMC,1,0.18238519132137299
2026-08-14 11:00:00,BUY SMC,1,0.05009936913847923
2026-08-14 11:15:00,BUY SMC,1,0.054442040622234344
2026-08-14 11:30:00,BUY SMC,1,0.1643986701965332
2026-08-14 13:30:00,BUY SMC,0,0.7156594395637512
2026-08-14 14:15:00,BUY SMC,0,0.4982721507549286
2026-08-14 19:00:00,BUY SMC,1,0.3010422885417938
2026-08-14 19:15:00,BUY SMC,1,0.3010422885417938
2026-08-17 00:00:00,BUY SMC,1,0.5283063650131226
2026-08-17 00:15:00,BUY SMC,1,0.2368752658367157
2026-08-17 01:30:00,BUY SMC,1,0.22914409637451172
2026-08-17 04:00:00,BUY SMC,1,0.2003626674413681
2026-08-17 06:15:00,BUY SMC,1,0.45916426181793213
2026-08-17 06:30:00,BUY SMC,1,0.19360539317131042
2026-08-17 06:45:00,BUY SMC,0,0.466861367225647
2026-08-17 07:00:00,BUY SMC,0,0.3983851373195648
2026-08-17 07:15:00,BUY SMC,0,0.3665204644203186
2026-08-17 07:30:00,BUY SMC,0,0.3665204644203186
2026-08-17 08:15:00,BUY SMC,0,0.057718295603990555
2026-08-17 10:15:00,BUY SMC,0,0.2854593098163605
2026-08-17 12:45:00,BUY SMC,0,0.5842927098274231
2026-08-17 13:45:00,BUY SMC,0,0.7935305237770081
2026-08-19 00:00:00,BUY SMC,0,0.6741993427276611
2026-08-19 02:30:00,BUY SMC,1,0.5396317839622498
2026-08-19 05:30:00,BUY SMC,1,0.8989734649658203
2026-08-19 06:15:00,BUY SMC,1,0.7775264978408813
2026-08-19 08:00:00,BUY SMC,1,0.480850487947464
2026-08-19 09:30:00,BUY SMC,1,0.10526488721370697
2026-08-19 09:45:00,BUY SMC,1,0.09024181962013245
2026-08-19 10:00:00,BUY SMC,1,0.047529738396406174
2026-08-19 10:15:00,BUY SMC,1,0.043363217264413834
2026-08-19 12:30:00,BUY SMC,1,0.08855458348989487
2026-08-19 12:45:00,BUY SMC,1,0.11870051175355911
2026-08-19 13:00:00,BUY SMC,1,0.24448850750923157
2026-08-19 13:15:00,BUY SMC,1,0.22083331644535065
2026-08-19 14:15:00,BUY SMC,1,0.07858086377382278
2026-08-19 14:30:00,BUY SMC,0,0.07858086377382278
2026-08-19 18:45:00,BUY SMC,1,0.09144715964794159
2026-08-19 19:15:00,BUY SMC,1,0.10567024350166321
2026-08-20 06:45:00,BUY SMC,0,0.4935826063156128
2026-08-20 07:30:00,BUY SMC,0,0.6682348251342773
2026-08-20 07:45:00,BUY SMC,0,0.5841506719589233
2026-08-20 08:30:00,BUY SMC,0,0.4421601891517639
2026-08-20 09:00:00,BUY SMC,0,0.27632805705070496
2026-08-20 09:15:00,BUY SMC,0,0.27868980169296265
2026-08-20 18:45:00,BUY SMC,1,0.1638668328523636
2026-08-20 19:00:00,BUY SMC,1,0.22121937572956085
2026-08-20 19:45:00,BUY SMC,1,0.30982306599617004
2026-08-20 22:00:00,BUY SMC,1,0.7715726494789124
2026-08-20 22:15:00,BUY SMC,1,0.792849063873291
2026-08-20 23:00:00,BUY SMC,1,0.8784846663475037
2026-08-21 00:00:00,BUY SMC,1,0.9552405476570129
2026-08-21 01:15:00,BUY SMC,1,0.6698040962219238
2026-08-21 02:15:00,BUY SMC,0,0.8565083742141724
2026-08-21 02:30:00,BUY SMC,0,0.7600696682929993
2026-08-21 05:30:00,BUY SMC,0,0.9450660943984985
2026-08-21 05:45:00,BUY SMC,0,0.8905245661735535
2026-08-21 07:45:00,BUY SMC,1,0.44382694363594055
2026-08-21 08:30:00,BUY SMC,0,0.5910354852676392
2026-08-21 08:45:00,BUY SMC,0,0.35205408930778503
2026-08-27 00:15:00,BUY SMC,0,0.6368728876113892
2026-08-28 12:45:00,BUY SMC,0,0.23422156274318695
2026-08-31 10:00:00,BUY SMC,0,0.09011626988649368
2026-08-31 11:15:00,BUY SMC,0,0.13105612993240356
2026-08-31 14:45:00,BUY SMC,0,0.7374841570854187
2026-09-01 00:00:00,BUY SMC,0,0.10243716090917587
2026-09-01 00:15:00,BUY SMC,0,0.1781664341688156
2026-09-03 00:15:00,BUY SMC,1,0.4923689663410187
2026-09-03 00:45:00,BUY SMC,1,0.5194701552391052
2026-09-03 03:00:00,BUY SMC,1,0.48639339208602905
2026-09-03 03:15:00,BUY SMC,1,0.45802104473114014
2026-09-03 03:30:00,BUY SMC,1,0.46607375144958496
2026-09-03 06:30:00,BUY SMC,1,0.1833198070526123
2026-09-03 07:00:00,BUY SMC,1,0.2628138065338135
2026-09-03 08:45:00,BUY SMC,0,0.5271728038787842
2026-09-03 11:00:00,BUY SMC,1,0.06916514784097672
2026-09-03 11:15:00,BUY SMC,1,0.0691036507487297
2026-09-03 12:45:00,BUY SMC,1,0.41550058126449585
2026-09-03 16:15:00,BUY SMC,0,0.30948925018310547
2026-09-03 16:45:00,BUY SMC,0,0.3510690927505493
2026-09-03 21:00:00,BUY SMC,0,0.34623879194259644
2026-09-03 23:45:00,BUY SMC,0,0.44558173418045044
2026-09-04 05:45:00,BUY SMC,0,0.6119974851608276
2026-09-04 06:00:00,BUY SMC,0,0.6054969429969788
2026-09-07 08:00:00,BUY SMC,0,0.24209356307983398
2026-09-07 08:15:00,BUY SMC,0,0.26751580834388733
2026-09-07 12:15:00,BUY SMC,0,0.4840342104434967
2026-09-07 12:30:00,BUY SMC,0,0.389032244682312
2026-09-07 14:00:00,BUY SMC,0,0.9178303480148315
2026-09-07 23:00:00,BUY SMC,0,0.9231390357017517
2026-09-08 05:45:00,BUY SMC,0,0.5478734970092773
2026-09-08 06:30:00,BUY SMC,0,0.47372186183929443
2026-09-09 06:00:00,BUY SMC,0,0.9483276009559631
2026-09-09 11:45:00,BUY SMC,0,0.13655100762844086
2026-09-09 14:00:00,BUY SMC,0,0.3217819929122925
2026-09-09 21:00:00,BUY SMC,1,0.49998992681503296
2026-09-10 01:45:00,BUY SMC,0,0.4777992069721222
2026-09-10 06:45:00,BUY SMC,0,0.936866283416748
2026-09-10 07:30:00,BUY SMC,0,0.9231055378913879
2026-09-14 21:00:00,BUY SMC,0,0.07623825967311859
2026-09-15 15:45:00,BUY SMC,0,0.13234637677669525
2026-09-15 18:00:00,BUY SMC,0,0.11530107259750366
2026-09-15 21:00:00,BUY SMC,0,0.12962087988853455
2026-09-15 21:15:00,BUY SMC,0,0.12549789249897003
2026-09-16 00:45:00,BUY SMC,1,0.16530601680278778
2026-09-16 01:30:00,BUY SMC,1,0.17732664942741394
2026-09-16 02:45:00,BUY SMC,0,0.2575942575931549
2026-09-16 04:30:00,BUY SMC,0,0.14329594373703003
2026-09-16 05:45:00,BUY SMC,0,0.22048231959342957
2026-09-16 14:30:00,BUY SMC,0,0.06428631395101547
2026-09-17 10:00:00,BUY SMC,0,0.010922265239059925
2026-09-17 10:15:00,BUY SMC,0,0.009982566349208355
2026-09-17 12:00:00,BUY SMC,0,0.06594274193048477
2026-09-17 12:15:00,BUY SMC,0,0.040345486253499985
2026-09-17 23:00:00,BUY SMC,0,0.23459765315055847
2026-09-18 11:00:00,SELL SMC,0,0.28918981552124023
2026-09-18 11:30:00,SELL SMC,0,0.2542460560798645
2026-09-21 02:45:00,SELL SMC,0,0.2449653148651123
2026-09-21 03:00:00,SELL SMC,0,0.1680547595024109
2026-09-21 05:30:00,SELL SMC,0,0.028458015993237495
2026-09-21 06:00:00,SELL SMC,0,0.014627487398684025
2026-09-21 06:45:00,SELL SMC,0,0.011224448680877686
2026-09-21 18:30:00,SELL SMC,0,0.16699858009815216
2026-09-22 08:00:00,SELL SMC,0,0.16527687013149261
2026-09-22 08:15:00,SELL SMC,0,0.18425430357456207
2026-09-22 10:00:00,SELL SMC,1,0.1098075732588768
2026-09-22 12:45:00,SELL SMC,1,0.09162037074565887
2026-09-22 14:00:00,SELL SMC,1,0.2624126076698303
2026-09-22 14:30:00,SELL SMC,1,0.2097165435552597
2026-09-22 15:00:00,SELL SMC,1,0.06973794102668762
2026-09-22 15:30:00,SELL SMC,0,0.08924826234579086
2026-09-22 15:45:00,SELL SMC,0,0.08924826234579086
2026-09-22 16:00:00,SELL SMC,0,0.053768325597047806
2026-09-23 01:15:00,SELL SMC,1,0.07243512570858002
2026-09-23 02:00:00,SELL SMC,1,0.07329549640417099
2026-09-23 03:30:00,SELL SMC,1,0.08040758967399597
2026-09-23 03:45:00,SELL SMC,1,0.08040758967399597
2026-09-23 06:00:00,SELL SMC,0,0.016783546656370163
2026-09-23 07:45:00,SELL SMC,1,0.013977360911667347
2026-09-23 08:00:00,SELL SMC,1,0.016618095338344574
2026-09-23 09:30:00,SELL SMC,1,0.00998420175164938
2026-09-23 09:45:00,SELL SMC,1,0.012836100533604622
2026-09-23 11:30:00,SELL SMC,1,0.012677214108407497
2026-09-23 12:15:00,SELL SMC,0,0.03747081756591797
2026-09-23 12:30:00,SELL SMC,0,0.3222484588623047
