Date,Direction,y_true,proba_win
2026-07-30 22:00:00,BUY SMC,0,0.6047090291976929
2026-07-30 22:15:00,BUY SMC,0,0.6047090291976929
2026-07-31 01:00:00,BUY SMC,0,0.6047090291976929
2026-08-02 04:00:00,BUY SMC,0,0.6047090291976929
2026-08-02 04:15:00,BUY SMC,0,0.6047090291976929
2026-08-02 04:45:00,BUY SMC,0,0.6047090291976929
2026-08-02 07:30:00,BUY SMC,0,0.6047090291976929
2026-08-02 16:30:00,BUY SMC,1,0.6047090291976929
2026-08-02 17:15:00,BUY SMC,0,0.6047090291976929
2026-08-02 18:30:00,BUY SMC,0,0.6047090291976929
2026-08-02 21:30:00,BUY SMC,0,0.6047090291976929
2026-08-02 22:00:00,BUY SMC,0,0.6047090291976929
2026-08-03 14:15:00,BUY SMC,1,0.6047090291976929
2026-08-03 14:45:00,BUY SMC,0,0.6047090291976929
2026-08-04 01:30:00,BUY SMC,0,0.6047090291976929
2026-08-04 03:15:00,BUY SMC,1,0.6047090291976929
2026-08-04 04:30:00,BUY SMC,0,0.6047090291976929
2026-08-04 10:30:00,BUY SMC,1,0.6047090291976929
2026-08-04 10:45:00,BUY SMC,1,0.6047090291976929
2026-08-04 11:15:00,BUY SMC,1,0.6047090291976929
2026-08-04 11:30:00,BUY SMC,1,0.6047090291976929
2026-08-04 12:30:00,BUY SMC,0,0.6047090291976929
2026-08-04 14:00:00,BUY SMC,1,0.6047090291976929
2026-08-04 14:30:00,BUY SMC,1,0.6047090291976929
2026-08-04 14:45:00,BUY SMC,1,0.6047090291976929
2026-08-04 18:00:00,BUY SMC,1,0.6047090291976929
2026-08-04 18:15:00,BUY SMC,0,0.6047090291976929
2026-08-04 23:00:00,BUY SMC,0,0.6047090291976929
2026-08-04 23:30:00,BUY SMC,0,0.6047090291976929
2026-08-05 01:45:00,BUY SMC,0,0.6047090291976929
2026-08-05 02:00:00,BUY SMC,0,0.6047090291976929
2026-08-05 10:15:00,BUY SMC,0,0.6047090291976929
2026-08-05 12:15:00,BUY SMC,0,0.6047090291976929
2026-08-05 13:30:00,BUY SMC,1,0.6047090291976929
2026-08-05 15:00:00,BUY SMC,0,0.6047090291976929
2026-08-05 18:00:00,BUY SMC,0,0.6047090291976929
2026-08-05 18:30:00,BUY SMC,0,0.6047090291976929
2026-08-05 19:00:00,BUY SMC,0,0.6047090291976929
2026-08-05 19:15:00,BUY SMC,0,0.6047090291976929
2026-08-05 20:15:00,BUY SMC,0,0.6047090291976929
2026-08-05 23:00:00,BUY SMC,0,0.6047090291976929
2026-08-06 04:15:00,BUY SMC,0,0.6047090291976929
2026-08-06 04:45:00,BUY SMC,0,0.6047090291976929
2026-08-06 05:00:00,BUY SMC,0,0.6047090291976929
2026-08-06 12:15:00,BUY SMC,0,0.6047090291976929
2026-08-07 09:00:00,BUY SMC,1,0.6047090291976929
2026-08-07 09:15:00,BUY SMC,1,0.6047090291976929
2026-08-07 09:30:00,BUY SMC,1,0.6047090291976929
2026-08-07 11:00:00,BUY SMC,0,0.6047090291976929
2026-08-07 11:15:00,BUY SMC,0,0.6047090291976929
2026-08-07 12:00:00,BUY SMC,0,0.6047090291976929
2026-08-07 12:45:00,BUY SMC,0,0.6047090291976929
2026-08-07 16:30:00,BUY SMC,0,0.6047090291976929
2026-08-08 06:30:00,BUY SMC,1,0.6047090291976929
2026-08-08 12:00:00,BUY SMC,0,0.6047090291976929
2026-08-08 14:00:00,BUY SMC,0,0.6047090291976929
2026-08-08 14:15:00,BUY SMC,0,0.6047090291976929
2026-08-09 01:00:00,BUY SMC,0,0.8555302023887634
2026-08-09 14:45:00,BUY SMC,0,0.08412663638591766
2026-08-09 21:30:00,BUY SMC,0,0.1690138876438141
2026-08-09 22:00:00,BUY SMC,0,0.03249865025281906
2026-08-10 05:45:00,BUY SMC,0,0.625870943069458
2026-08-10 06:00:00,BUY SMC,0,0.5910348892211914
2026-08-10 06:45:00,BUY SMC,0,0.5042996406555176
2026-08-10 07:15:00,BUY SMC,0,0.2658635675907135
2026-08-10 07:30:00,BUY SMC,0,0.2075510174036026
2026-08-11 11:00:00,BUY SMC,0,0.39165014028549194
2026-08-11 12:00:00,BUY SMC,0,0.2943572700023651
2026-08-12 02:00:00,BUY SMC,0,0.563740074634552
2026-08-12 02:15:00,BUY SMC,0,0.563740074634552
2026-08-12 07:45:00,BUY SMC,1,0.47603851556777954
2026-08-12 09:15:00,BUY SMC,0,0.4240489602088928
2026-08-12 09:30:00,BUY SMC,0,0.31175318360328674
2026-08-12 09:45:00,BUY SMC,0,0.27323246002197266
2026-08-12 10:00:00,BUY SMC,0,0.4483836889266968
2026-08-12 11:45:00,BUY SMC,0,0.17861953377723694
2026-08-12 12:00:00,BUY SMC,0,0.06917198747396469
2026-08-12 12:15:00,BUY SMC,0,0.05109831690788269
2026-08-13 12:45:00,BUY SMC,0,0.7735168933868408
2026-08-13 13:00:00,BUY SMC,0,0.8131059408187866
2026-08-13 13:30:00,BUY SMC,0,0.8083416819572449
2026-08-13 14:30:00,BUY SMC,0,0.8754041790962219
2026-08-14 03:00:00,BUY SMC,0,0.8950005173683167
2026-08-15 05:45:00,BUY SMC,0,0.745553195476532
2026-08-15 23:00:00,BUY SMC,0,0.7305406332015991
2026-08-16 02:15:00,BUY SMC,0,0.8338698148727417
2026-08-16 02:30:00,BUY SMC,0,0.7887730598449707
2026-08-16 19:15:00,BUY SMC,0,0.28637826442718506
2026-08-17 04:45:00,BUY SMC,0,0.10293721407651901
2026-08-17 06:45:00,BUY SMC,0,0.05183081701397896
2026-08-17 10:15:00,BUY SMC,1,0.28269654512405396
2026-08-17 10:30:00,BUY SMC,1,0.09114575386047363
2026-08-17 10:45:00,BUY SMC,1,0.1194487139582634
2026-08-17 13:00:00,BUY SMC,1,0.10899979621171951
2026-08-17 14:45:00,BUY SMC,1,0.025505609810352325
2026-08-17 15:15:00,BUY SMC,1,0.02434985339641571
2026-08-17 15:45:00,BUY SMC,0,0.009088351391255856
2026-08-17 17:15:00,BUY SMC,1,0.009657064452767372
2026-08-17 18:15:00,BUY SMC,0,0.011430671438574791
2026-08-17 22:30:00,BUY SMC,0,0.012834552675485611
2026-08-17 23:15:00,BUY SMC,0,0.005249236710369587
2026-08-17 23:45:00,BUY SMC,0,0.004438682459294796
2026-08-18 18:00:00,BUY SMC,0,0.02367333136498928
2026-08-18 20:00:00,BUY SMC,0,0.014082549139857292
2026-08-18 22:15:00,BUY SMC,0,0.04027155414223671
2026-08-18 23:15:00,BUY SMC,0,0.038132887333631516
2026-08-19 00:15:00,BUY SMC,0,0.028344282880425453
2026-08-19 05:00:00,BUY SMC,0,0.06262028962373734
2026-08-19 08:30:00,BUY SMC,1,0.247590571641922
2026-08-19 10:15:00,BUY SMC,1,0.5589627623558044
2026-08-19 10:45:00,BUY SMC,1,0.5356909036636353
2026-08-19 11:00:00,BUY SMC,1,0.18135474622249603
2026-08-19 12:30:00,BUY SMC,1,0.20009201765060425
2026-08-19 13:00:00,BUY SMC,1,0.038566552102565765
2026-08-19 13:15:00,BUY SMC,1,0.5950251817703247
2026-08-19 13:30:00,BUY SMC,1,0.5491974949836731
2026-08-19 14:00:00,BUY SMC,1,0.24831701815128326
2026-08-19 14:15:00,BUY SMC,1,0.11202574521303177
2026-08-19 15:00:00,BUY SMC,1,0.29399144649505615
2026-08-19 15:15:00,BUY SMC,1,0.29399144649505615
2026-08-19 20:00:00,BUY SMC,1,0.10491058230400085
2026-08-19 20:15:00,BUY SMC,1,0.16562771797180176
2026-08-19 20:45:00,BUY SMC,1,0.16786488890647888
2026-08-19 21:00:00,BUY SMC,1,0.27748677134513855
2026-08-20 00:00:00,BUY SMC,1,0.05239308252930641
2026-08-20 00:15:00,BUY SMC,0,0.067573681473732
2026-08-20 06:30:00,BUY SMC,1,0.06667802482843399
2026-08-20 06:45:00,BUY SMC,1,0.060643017292022705
2026-08-20 08:00:00,BUY SMC,1,0.2221040576696396
2026-08-20 08:15:00,BUY SMC,1,0.11541200429201126
2026-08-20 09:30:00,BUY SMC,1,0.04304533451795578
2026-08-20 10:00:00,BUY SMC,1,0.05267326161265373
2026-08-20 15:00:00,BUY SMC,1,0.04104968532919884
2026-08-20 15:15:00,BUY SMC,1,0.07401007413864136
2026-08-20 16:45:00,BUY SMC,1,0.047619596123695374
2026-08-20 23:00:00,BUY SMC,1,0.054772790521383286
2026-08-20 23:15:00,BUY SMC,1,0.16838787496089935
2026-08-21 00:00:00,BUY SMC,1,0.19590525329113007
2026-08-21 00:15:00,BUY SMC,1,0.10964678227901459
2026-08-21 00:45:00,BUY SMC,1,0.05997743457555771
2026-08-21 01:00:00,BUY SMC,1,0.07329817861318588
2026-08-21 01:15:00,BUY SMC,1,0.20830334722995758
2026-08-21 01:30:00,BUY SMC,1,0.07809194177389145
2026-08-21 06:45:00,BUY SMC,1,0.037221506237983704
2026-08-21 07:15:00,BUY SMC,1,0.14948569238185883
2026-08-21 08:00:00,BUY SMC,1,0.08307669311761856
2026-08-21 08:15:00,BUY SMC,1,0.0476963184773922
2026-08-21 08:30:00,BUY SMC,0,0.05808408185839653
2026-08-21 08:45:00,BUY SMC,0,0.14948569238185883
2026-08-21 13:30:00,BUY SMC,1,0.08905158936977386
2026-08-21 15:00:00,BUY SMC,1,0.15301969647407532
2026-08-21 20:15:00,BUY SMC,0,0.16329345107078552
2026-08-21 20:45:00,BUY SMC,0,0.17052622139453888
2026-08-21 21:00:00,BUY SMC,0,0.0914696753025055
2026-08-21 21:15:00,BUY SMC,0,0.35527369379997253
2026-08-21 21:30:00,BUY SMC,0,0.15192949771881104
2026-08-21 21:45:00,BUY SMC,0,0.15192949771881104
2026-08-21 22:00:00,BUY SMC,0,0.183518186211586
2026-08-22 00:45:00,BUY SMC,0,0.09577259421348572
2026-08-22 02:15:00,BUY SMC,0,0.13207006454467773
2026-08-22 02:30:00,BUY SMC,0,0.17608995735645294
2026-08-22 03:15:00,BUY SMC,0,0.13572631776332855
2026-08-23 19:30:00,BUY SMC,0,0.05822528898715973
2026-08-23 21:00:00,BUY SMC,0,0.13456611335277557
2026-08-23 21:15:00,BUY SMC,0,0.3229037821292877
2026-08-24 00:45:00,BUY SMC,0,0.17666493356227875
2026-08-24 12:30:00,BUY SMC,0,0.08376006782054901
2026-08-24 12:45:00,BUY SMC,0,0.12308839708566666
2026-08-24 13:00:00,BUY SMC,0,0.06928528100252151
2026-08-24 13:45:00,BUY SMC,1,0.10875194519758224
2026-08-24 14:15:00,BUY SMC,1,0.09227167814970016
2026-08-24 14:30:00,BUY SMC,1,0.6229268908500671
2026-08-24 15:15:00,BUY SMC,1,0.6327599883079529
2026-08-24 17:00:00,BUY SMC,1,0.6901428699493408
2026-08-25 00:30:00,BUY SMC,1,0.030067751184105873
2026-08-25 00:45:00,BUY SMC,0,0.03389505669474602
2026-08-25 02:15:00,BUY SMC,0,0.11649322509765625
2026-08-25 13:30:00,BUY SMC,0,0.28058096766471863
2026-08-26 05:00:00,BUY SMC,0,0.8480479717254639
2026-08-26 23:30:00,BUY SMC,1,0.44752493500709534
2026-08-27 05:15:00,BUY SMC,1,0.6178572177886963
2026-08-27 05:30:00,BUY SMC,1,0.6178572177886963
2026-08-27 07:45:00,BUY SMC,1,0.6604564785957336
2026-08-27 08:00:00,BUY SMC,1,0.6016531586647034
2026-08-27 08:15:00,BUY SMC,1,0.5473883748054504
2026-08-27 09:00:00,BUY SMC,0,0.3037143647670746
2026-08-27 09:15:00,BUY SMC,0,0.5211315751075745
2026-08-27 11:45:00,BUY SMC,0,0.13139067590236664
2026-08-27 14:15:00,BUY SMC,1,0.0987861230969429
2026-08-27 14:30:00,BUY SMC,0,0.04733384773135185
2026-08-27 15:00:00,BUY SMC,0,0.04871940612792969
2026-08-27 21:45:00,BUY SMC,1,0.048651859164237976
2026-08-27 22:00:00,BUY SMC,1,0.03040178306400776
2026-08-28 00:15:00,BUY SMC,1,0.021648311987519264
2026-08-28 00:45:00,BUY SMC,0,0.015849696472287178
2026-08-28 01:00:00,BUY SMC,0,0.01696900464594364
2026-08-28 03:45:00,BUY SMC,0,0.18915769457817078
2026-08-29 18:30:00,BUY SMC,1,0.08232085406780243
2026-08-29 18:45:00,BUY SMC,1,0.0792383924126625
2026-08-29 21:00:00,BUY SMC,0,0.1162317618727684
2026-08-29 22:45:00,BUY SMC,0,0.0797625333070755
2026-08-29 23:00:00,BUY SMC,0,0.08528965711593628
2026-08-29 23:15:00,BUY SMC,0,0.09117485582828522
2026-08-29 23:45:00,BUY SMC,0,0.06945908069610596
2026-08-30 03:30:00,BUY SMC,0,0.257394939661026
2026-08-30 04:45:00,BUY SMC,0,0.3344038128852844
2026-08-30 06:30:00,BUY SMC,0,0.13031542301177979
2026-08-30 06:45:00,BUY SMC,0,0.10661054402589798
2026-08-30 09:30:00,BUY SMC,1,0.249283105134964
2026-08-30 11:00:00,BUY SMC,1,0.25135356187820435
2026-08-30 11:15:00,BUY SMC,1,0.24550148844718933
2026-08-30 12:00:00,BUY SMC,0,0.2994268238544464
2026-08-30 12:30:00,BUY SMC,0,0.6529633402824402
2026-08-30 13:45:00,BUY SMC,0,0.3067708909511566
2026-08-30 16:00:00,BUY SMC,0,0.14040789008140564
2026-08-30 16:30:00,BUY SMC,0,0.12400809675455093
2026-08-30 16:45:00,BUY SMC,0,0.12647241353988647
2026-08-30 19:45:00,BUY SMC,0,0.419171005487442
2026-08-31 18:00:00,BUY SMC,0,0.46942806243896484
2026-08-31 18:30:00,BUY SMC,0,0.5414921641349792
2026-08-31 19:00:00,BUY SMC,0,0.4857262074947357
2026-09-01 01:30:00,BUY SMC,0,0.9100063443183899
2026-09-01 05:15:00,BUY SMC,0,0.8519195914268494
2026-09-01 05:45:00,BUY SMC,0,0.8768057227134705
2026-09-03 07:00:00,BUY SMC,1,0.3869938254356384
2026-09-03 10:15:00,BUY SMC,1,0.7247729897499084
2026-09-03 12:30:00,BUY SMC,1,0.5587025284767151
2026-09-03 12:45:00,BUY SMC,1,0.6742712259292603
2026-09-03 13:30:00,BUY SMC,1,0.24149563908576965
2026-09-03 14:00:00,BUY SMC,1,0.1727655678987503
2026-09-03 14:15:00,BUY SMC,1,0.2274547666311264
2026-09-03 14:30:00,BUY SMC,1,0.23153556883335114
2026-09-03 14:45:00,BUY SMC,1,0.7772513031959534
2026-09-03 15:00:00,BUY SMC,1,0.7413923144340515
2026-09-03 19:15:00,BUY SMC,0,0.9492747187614441
2026-09-03 21:00:00,BUY SMC,0,0.9496750831604004
2026-09-04 02:45:00,BUY SMC,0,0.0910302996635437
2026-09-05 16:15:00,BUY SMC,1,0.3781191110610962
2026-09-05 16:30:00,BUY SMC,0,0.3567076325416565
2026-09-05 16:45:00,BUY SMC,0,0.24868108332157135
2026-09-05 19:15:00,BUY SMC,0,0.22739249467849731
2026-09-06 01:00:00,BUY SMC,0,0.3022151291370392
2026-09-06 01:30:00,BUY SMC,0,0.2576597034931183
2026-09-06 03:30:00,BUY SMC,0,0.2031414657831192
2026-09-06 08:00:00,BUY SMC,0,0.554013729095459
2026-09-06 09:00:00,BUY SMC,0,0.8631570339202881
2026-09-06 09:15:00,BUY SMC,0,0.844341516494751
2026-09-06 10:30:00,BUY SMC,0,0.5931586623191833
2026-09-06 23:00:00,BUY SMC,0,0.707639753818512
2026-09-06 23:30:00,BUY SMC,0,0.47820550203323364
2026-09-09 05:00:00,BUY SMC,0,0.3078218400478363
2026-09-09 08:00:00,BUY SMC,0,0.25759968161582947
2026-09-09 08:15:00,BUY SMC,0,0.1593431830406189
2026-09-09 11:45:00,BUY SMC,0,0.9620023965835571
2026-09-09 12:00:00,BUY SMC,0,0.8508034348487854
2026-09-09 12:45:00,BUY SMC,0,0.8925422430038452
2026-09-11 12:30:00,BUY SMC,0,0.7632772922515869
2026-09-11 12:45:00,BUY SMC,0,0.7194315791130066
2026-09-11 13:45:00,BUY SMC,0,0.3709847629070282
2026-09-11 22:00:00,BUY SMC,1,0.3893989026546478
2026-09-12 05:00:00,BUY SMC,1,0.20250582695007324
2026-09-12 06:30:00,BUY SMC,0,0.4188564121723175
2026-09-12 10:00:00,BUY SMC,0,0.19224727153778076
2026-09-12 12:45:00,BUY SMC,0,0.5610540509223938
2026-09-12 14:15:00,BUY SMC,0,0.5613657832145691
2026-09-12 14:30:00,BUY SMC,0,0.5428916215896606
2026-09-12 14:45:00,BUY SMC,0,0.3095286786556244
2026-09-14 03:00:00,BUY SMC,1,0.15054792165756226
2026-09-14 03:15:00,BUY SMC,1,0.1623121052980423
2026-09-14 05:45:00,BUY SMC,1,0.35978594422340393
2026-09-14 06:00:00,BUY SMC,0,0.11430975794792175
2026-09-14 06:30:00,BUY SMC,1,0.4712776243686676
2026-09-14 07:45:00,BUY SMC,1,0.11587420105934143
2026-09-14 09:45:00,BUY SMC,0,0.18599878251552582
2026-09-14 12:15:00,BUY SMC,0,0.865296483039856
2026-09-14 13:00:00,BUY SMC,1,0.7364302277565002
2026-09-14 13:30:00,BUY SMC,0,0.9069895148277283
2026-09-14 13:45:00,BUY SMC,0,0.39235934615135193
2026-09-14 14:30:00,BUY SMC,0,0.029375651851296425
2026-09-14 16:45:00,BUY SMC,0,0.08652237802743912
2026-09-14 17:00:00,BUY SMC,0,0.09518931806087494
2026-09-14 17:15:00,BUY SMC,0,0.09190348535776138
2026-09-14 17:45:00,BUY SMC,0,0.09671010076999664
2026-09-14 18:15:00,BUY SMC,0,0.13561725616455078
2026-09-14 18:30:00,BUY SMC,0,0.07651490718126297
2026-09-14 20:15:00,BUY SMC,0,0.09455250203609467
2026-09-14 22:00:00,BUY SMC,0,0.027933377772569656
2026-09-16 01:45:00,SELL SMC,0,0.6101639270782471
2026-09-16 07:00:00,SELL SMC,0,0.5902721881866455
2026-09-16 08:00:00,SELL SMC,0,0.34929221868515015
2026-09-16 08:15:00,SELL SMC,0,0.3423546552658081
2026-09-16 10:00:00,SELL SMC,0,0.42214903235435486
2026-09-16 11:00:00,SELL SMC,0,0.41588088870048523
2026-09-17 22:00:00,SELL SMC,0,0.611760139465332
2026-09-17 22:15:00,SELL SMC,0,0.597038209438324
2026-09-19 00:45:00,BUY SMC,0,0.6661062240600586
2026-09-19 07:00:00,BUY SMC,1,0.1455223262310028
2026-09-19 08:15:00,BUY SMC,1,0.02363995462656021
2026-09-19 14:00:00,BUY SMC,1,0.02009378932416439
2026-09-19 14:15:00,BUY SMC,0,0.06232443079352379
2026-09-19 14:45:00,BUY SMC,0,0.016247572377324104
2026-09-19 15:00:00,BUY SMC,0,0.03173373267054558
2026-09-19 15:30:00,BUY SMC,0,0.054076142609119415
2026-09-19 18:15:00,BUY SMC,0,0.05798472836613655
2026-09-20 15:45:00,BUY SMC,1,0.07731370627880096
2026-09-20 16:00:00,BUY SMC,1,0.27871885895729065
2026-09-20 16:15:00,BUY SMC,1,0.3342786729335785
2026-09-20 22:00:00,BUY SMC,1,0.19789491593837738
2026-09-21 00:00:00,BUY SMC,0,0.0846131294965744
2026-09-21 00:15:00,BUY SMC,0,0.05356396362185478
2026-09-21 05:15:00,BUY SMC,1,0.35690510272979736
2026-09-21 05:30:00,BUY SMC,1,0.2922297716140747
2026-09-21 06:15:00,BUY SMC,1,0.0856313481926918
2026-09-21 08:00:00,BUY SMC,1,0.09340771287679672
2026-09-21 08:15:00,BUY SMC,1,0.07009019702672958
2026-09-21 08:30:00,BUY SMC,1,0.15131399035453796
2026-09-21 08:45:00,BUY SMC,1,0.09021168202161789
2026-09-21 09:15:00,BUY SMC,1,0.9121901392936707
2026-09-21 09:30:00,BUY SMC,1,0.9102256894111633
2026-09-21 13:45:00,BUY SMC,1,0.5573803186416626
2026-09-21 19:15:00,BUY SMC,0,0.574938952922821
2026-09-21 19:30:00,BUY SMC,0,0.6034013628959656
2026-09-21 20:15:00,BUY SMC,0,0.7816534638404846
2026-09-21 22:00:00,BUY SMC,0,0.4005924165248871
2026-09-22 08:30:00,BUY SMC,1,0.16241911053657532
2026-09-22 08:45:00,BUY SMC,1,0.061165254563093185
2026-09-22 13:30:00,BUY SMC,1,0.08632024377584457
2026-09-22 13:45:00,BUY SMC,0,0.18268504738807678
2026-09-22 14:30:00,BUY SMC,1,0.08070146292448044
2026-09-22 15:30:00,BUY SMC,1,0.12212759256362915
2026-09-22 23:00:00,BUY SMC,0,0.1783832609653473
2026-09-23 01:00:00,BUY SMC,0,0.027795879170298576
2026-09-23 03:15:00,BUY SMC,0,0.046740707010030746
2026-09-23 03:30:00,BUY SMC,0,0.022775961086153984
2026-09-23 04:15:00,BUY SMC,0,0.025675127282738686
2026-09-23 04:30:00,BUY SMC,0,0.018224064260721207
2026-09-26 09:15:00,BUY SMC,0,0.37295493483543396
2026-09-26 21:15:00,BUY SMC,1,0.18483076989650726
2026-09-26 22:00:00,BUY SMC,1,0.386595755815506
2026-09-26 23:45:00,BUY SMC,1,0.3285582661628723
2026-09-27 01:45:00,BUY SMC,1,0.19428619742393494
2026-09-27 05:30:00,BUY SMC,1,0.04686155915260315
