Feature,Importance
Structure_Code,0.08537052
D1_ADX_14,0.06991255
D1_BB_Width_20,0.06639596
D1_RSI_14,0.056270886
D1_ATR_Pct,0.050614897
H1_BB_Width_20,0.045900382
H1_ADX_14,0.043636613
EMA50_EMA200_Pct,0.04078973
H1_ATR_Pct,0.039785963
Return_Vol_20,0.03972394
MINUS_DI_14,0.0396722
H1_RSI_14,0.03785726
ATR_Pct,0.037318613
H1_MACD_Hist_Pct,0.035959657
BB_Width_20,0.034742527
ADX_14,0.03141032
Close_EMA20_Pct,0.028091302
MACD_Hist_Pct,0.02791465
CHOCH_Bullish,0.027330974
EMA20_EMA50_Pct,0.026708672
EMA20_Slope_Pct,0.0254591
RSI_14,0.021366617
PLUS_DI_14,0.018812027
BB_PctB_20,0.018051984
Candle_Body_ATR,0.0170929
In_Demand_Zone,0.014441648
In_Supply_Zone,0.010196575
In_Bullish_FVG,0.009171543
H1_Structure_Code,0.0
Direction,0.0
CHOCH_Bearish,0.0
In_Bearish_FVG,0.0
Equal_Lows_Liquidity,0.0
Equal_Highs_Liquidity,0.0
Sell_Side_Liquidity_Sweep,0.0
Buy_Side_Liquidity_Sweep,0.0
BOS_Bearish,0.0
BOS_Bullish,0.0
Premium_Discount_Code,0.0
Daily_Bias_Code,0.0
